time,flux
0.0010772567,-1.754002799087046
0.0010779122785892945,-1.689945469800895
0.0010785678571785893,-1.628156653593972
0.0010792234357678838,-1.5685945700707813
0.0010798790143571786,-1.5112174388362762
0.0010805345929464731,-1.455983479494066
0.001081190171535768,-1.4028509116486556
0.0010818457501250624,-1.3517779549049982
0.0010825013287143572,-1.3027228288671506
0.0010831569073036517,-1.2556437531396183
0.0010838124858929465,-1.210498947326906
0.001084468064482241,-1.167246631033071
0.0010851236430715358,-1.1258450238626183
0.0010857792216608304,-1.086252345420501
0.0010864348002501251,-1.0484268153103282
0.0010870903788394197,-1.0123266531375013
0.0010877459574287144,-0.9779100785051806
0.001088401536018009,-0.9451353110187679
0.0010890571146073037,-0.9139605702827681
0.0010897126931965983,-0.8843440759007901
0.001090368271785893,-0.8562440474773391
0.0010910238503751876,-0.8296187046178163
0.0010916794289644821,-0.8044262669253825
0.0010923350075537769,-0.7806249540054391
0.0010929905861430714,-0.758172985462043
0.0010936461647323662,-0.7370285808992514
0.0010943017433216607,-0.7171499599220174
0.0010949573219109555,-0.6984953421343978
0.00109561290050025,-0.6810229471408978
0.0010962684790895448,-0.6646909945460228
0.0010969240576788393,-0.6494577039542776
0.001097579636268134,-0.6352812949697193
0.0010982352148574286,-0.622119987197301
0.0010988907934467234,-0.60993200024108
0.001099546372036018,-0.5986755537051128
0.0011002019506253127,-0.5883088671948012
0.0011008575292146073,-0.5787901603133059
0.001101513107803902,-0.570077652666476
0.0011021686863931966,-0.5621295638574727
0.0011028242649824913,-0.5549041134912489
0.0011034798435717859,-0.5483595211718617
0.0011041354221610804,-0.5424540065047125
0.0011047910007503752,-0.5371457890929621
0.0011054465793396697,-0.5323930885420117
0.0011061021579289645,-0.5281541244554702
0.001106757736518259,-0.5243871164382908
0.0011074133151075538,-0.5210502840949788
0.0011080688936968483,-0.518101847029591
0.001108724472286143,-0.5155000248466325
0.0011093800508754376,-0.5132030371506086
0.0011100356294647324,-0.5111691040429882
0.001110691208054027,-0.5344994226152898
0.0011113467866433217,-0.5403070662893188
0.0011120023652326162,-0.5366529364726448
0.001112657943821911,-0.5280886637769486
0.0011133135224112055,-0.5196912186330591
0.0011139691010005003,-0.4925883245045992
0.0011146246795897949,-0.46777116821344195
0.0011152802581790896,-0.4570243704300034
0.0011159358367683842,-0.4577819558826281
0.001116591415357679,-0.44832214626869893
0.0011172469939469735,-0.43150349077082056
0.001117902572536268,-0.41185445559676986
0.0011185581511255628,-0.3960188882176664
0.0011192137297148573,-0.38022733983782864
0.001119869308304152,-0.37478362659680714
0.0011205248868934466,-0.38137240198842176
0.0011211804654827414,-0.39265806847294193
0.001121836044072036,-0.3984708405548312
0.0011224916226613307,-0.3771386174356421
0.0011231472012506252,-0.34248126882052177
0.00112380277983992,-0.33899240606757647
0.0011244583584292145,-0.3408034981331603
0.0011251139370185093,-0.34330015440251843
0.0011257695156078038,-0.3370102000530769
0.0011264250941970986,-0.3075596331166574
0.0011270806727863931,-0.27931785917619223
0.001127736251375688,-0.26414021348959454
0.0011283918299649824,-0.2528233528510516
0.0011290474085542772,-0.22423937554682444
0.0011297029871435718,-0.2375953526581674
0.0011303585657328665,-0.2505156061672496
0.001131014144322161,-0.2544148280839387
0.0011316697229114556,-0.260376130926167
0.0011323253015007504,-0.25653846865220536
0.001132980880090045,-0.25473370514734917
0.0011336364586793397,-0.25461452129665035
0.0011342920372686342,-0.24480632718491535
0.001134947615857929,-0.23465661011410313
0.0011356031944472235,-0.22506839838189993
0.0011362587730365183,-0.22396498406512283
0.0011369143516258128,-0.23736252855498896
0.0011375699302151076,-0.2323124314211676
0.0011382255088044021,-0.20831563561965472
0.0011388810873936969,-0.18494816439961462
0.0011395366659829914,-0.18080866968408074
0.0011401922445722862,-0.1830964658840573
0.0011408478231615807,-0.17329519278316965
0.0011415034017508755,-0.13566738646211712
0.00114215898034017,-0.06891105103359758
0.0011428145589294648,-0.030993424683113696
0.0011434701375187593,-0.0023926271889564547
0.001144125716108054,0.010388042156985083
0.0011447812946973487,-0.005513092687407755
0.0011454368732866432,-0.023775277136812503
0.001146092451875938,-0.04206360065675433
0.0011467480304652325,-0.061881530874814974
0.0011474036090545273,-0.07566053804115892
0.0011480591876438218,-0.07011575205516314
0.0011487147662331166,-0.07467255265253332
0.0011493703448224111,-0.08856678562004429
0.0011500259234117059,-0.1024044765319526
0.0011506815020010004,-0.11873644969414739
0.0011513370805902952,-0.11561011601230724
0.0011519926591795897,-0.12413804748465099
0.0011526482377688845,-0.16319701857343324
0.001153303816358179,-0.1963021239546304
0.0011539593949474738,-0.2115979777171933
0.0011546149735367683,-0.217313804044519
0.001155270552126063,-0.22335383185441757
0.0011559261307153576,-0.23476865889062484
0.0011565817093046524,-0.2288573224042754
0.001157237287893947,-0.22262204222613896
0.0011578928664832417,-0.22837684293192806
0.0011585484450725362,-0.24582748082414044
0.0011592040236618308,-0.2670389646297597
0.0011598596022511256,-0.2656670938278747
0.00116051518084042,-0.2352099110042809
0.0011611707594297149,-0.22432401880924363
0.0011618263380190094,-0.22374997686183346
0.0011624819166083042,-0.23020450825771732
0.0011631374951975987,-0.22803894308162997
0.0011637930737868935,-0.24537610080785754
0.001164448652376188,-0.2553792332787182
0.0011651042309654828,-0.25238645864713377
0.0011657598095547773,-0.2406960001860753
0.001166415388144072,-0.22635488694393713
0.0011670709667333666,-0.21511670653017056
0.0011677265453226614,-0.210468352298328
0.001168382123911956,-0.21635029703176464
0.0011690377025012507,-0.22335694257985056
0.0011696932810905452,-0.22463328139569816
0.00117034885967984,-0.22708555187811388
0.0011710044382691345,-0.2293899371990213
0.0011716600168584293,-0.2358167473782486
0.0011723155954477238,-0.25082684985438153
0.0011729711740370184,-0.2540203289872934
0.0011736267526263131,-0.23802076747679038
0.0011742823312156077,-0.20022665424835173
0.0011749379098049025,-0.21525657707274767
0.001175593488394197,-0.23363861690926016
0.0011762490669834918,-0.23013880959034222
0.0011769046455727863,-0.22368129539849768
0.001177560224162081,-0.1979981511941621
0.0011782158027513756,-0.17498592664384874
0.0011788713813406704,-0.15654474285471834
0.001179526959929965,-0.14299421868358997
0.0011801825385192597,-0.1573342797354949
0.0011808381171085542,-0.16050179053480976
0.001181493695697849,-0.1452182703087341
0.0011821492742871435,-0.11856259681699821
0.0011828048528764383,-0.09474395345996212
0.0011834604314657328,-0.09959205895251269
0.0011841160100550274,-0.11118224902524941
0.0011847715886443221,-0.1035814661426025
0.001185427167233617,-0.07840407894630148
0.0011860827458229114,-0.057263296785157056
0.001186738324412206,-0.03890438380510209
0.0011873939030015007,-0.033210147925832594
0.0011880494815907953,-0.019279727313879273
0.00118870506018009,-0.005032579055393923
0.0011893606387693846,-0.004408124506648295
0.0011900162173586794,-0.006378596469801226
0.001190671795947974,0.015775954118582375
0.0011913273745372687,0.03589995613716457
0.0011919829531265632,0.04508075348316505
0.001192638531715858,0.04406688470907684
0.0011932941103051525,0.04468246748350879
0.0011939496888944473,0.05437311700254022
0.0011946052674837418,0.06267319527244418
0.0011952608460730366,0.06112416777661852
0.0011959164246623311,0.07580846392817396
0.0011965720032516259,0.10278209987683598
0.0011972275818409204,0.1221905013194886
0.001197883160430215,0.1393969721158763
0.0011985387390195097,0.14637998720684367
0.0011991943176088043,0.15494184685722887
0.001199849896198099,0.16805679304193122
0.0012005054747873936,0.18631333383171964
0.0012011610533766883,0.1880677717953598
0.0012018166319659829,0.17979542027951942
0.0012024722105552776,0.19288318726457546
0.0012031277891445722,0.22087995199987845
0.001203783367733867,0.2464230920276092
0.0012044389463231615,0.25815156416398527
0.0012050945249124563,0.267332650599198
0.0012057501035017508,0.28401567820040174
0.0012064056820910456,0.3012280801449368
0.00120706126068034,0.31645450898823363
0.0012077168392696349,0.31163001188025
0.0012083724178589294,0.27865472860977847
0.0012090279964482242,0.2395905518403845
0.0012096835750375187,0.20685080362480487
0.0012103391536268135,0.1748391441962032
0.001210994732216108,0.17750405367045938
0.0012116503108054026,0.18770554048367416
0.0012123058893946973,0.1770707973713152
0.001212961467983992,0.16679291587039458
0.0012136170465732866,0.15918862168511774
0.0012142726251625812,0.14863854612502253
0.001214928203751876,0.1514252461929521
0.0012155837823411705,0.15436580581044002
0.0012162393609304652,0.1636864812381724
0.0012168949395197598,0.18044020755942608
0.0012175505181090545,0.1795011741084001
0.001218206096698349,0.17151145843038199
0.0012188616752876438,0.16640481495514745
0.0012195172538769384,0.16333963368875126
0.0012201728324662332,0.1586009682548872
0.0012208284110555277,0.1580634938062993
0.0012214839896448225,0.1625720209617675
0.001222139568234117,0.16631844216294445
0.0012227951468234118,0.16149553568666253
0.0012234507254127063,0.17198859366515207
0.001224106304002001,0.1903013764773676
0.0012247618825912956,0.2126281280569106
0.0012254174611805902,0.2367475097921461
0.001226073039769885,0.25510955844218053
0.0012267286183591795,0.2631050376574844
0.0012273841969484742,0.25873990197864577
0.0012280397755377688,0.22977393793526807
0.0012286953541270635,0.2037312619004572
0.001229350932716358,0.20115465289522538
0.0012300065113056528,0.1816025451140604
0.0012306620898949474,0.16147932332988268
0.0012313176684842421,0.1603533402745755
0.0012319732470735367,0.152592245521918
0.0012326288256628314,0.14301794217470287
0.001233284404252126,0.13646975948297704
0.0012339399828414207,0.13603430509495282
0.0012345955614307153,0.12801806966971924
0.00123525114002001,0.12073076242295908
0.0012359067186093046,0.09907699484133577
0.0012365622971985994,0.07465605436353989
0.001237217875787894,0.054603184038522594
0.0012378734543771887,0.053381287227985456
0.0012385290329664832,0.04809353359488064
0.0012391846115557778,0.029087524244263474
0.0012398401901450725,0.018704318655819827
0.001240495768734367,0.016161882928684
0.0012411513473236618,0.008358879350958389
0.0012418069259129564,-0.009340055590452563
0.0012424625045022511,-0.013046196526610715
0.0012431180830915457,-0.014484599409906367
0.0012437736616808404,-0.03285728322794621
0.001244429240270135,-0.057018001282116135
0.0012450848188594297,-0.08580487544869314
0.0012457403974487243,-0.10922954999926687
0.001246395976038019,-0.12183950526322093
0.0012470515546273136,-0.13780022792348748
0.0012477071332166083,-0.1508961074101172
0.0012483627118059029,-0.1720756763724713
0.0012490182903951976,-0.19288958950145108
0.0012496738689844922,-0.19402353415872559
0.0012503294475737867,-0.19282089064123784
0.0012509850261630815,-0.1950451982257053
0.0012516406047523763,-0.19857220421056074
0.0012522961833416708,-0.1986373039901379
0.0012529517619309653,-0.2088603499458126
0.00125360734052026,-0.22533991730716588
0.0012542629191095547,-0.21313081135190448
0.0012549184976988494,-0.20923157639315876
0.001255574076288144,-0.20934899222916226
0.0012562296548774387,-0.20331568661134308
0.0012568852334667333,-0.20582111016844218
0.001257540812056028,-0.21232754153101857
0.0012581963906453226,-0.21737563946642693
0.0012588519692346173,-0.21643346860537524
0.0012595075478239119,-0.22110717953761508
0.0012601631264132066,-0.23846716712313115
0.0012608187050025012,-0.2616933614542637
0.001261474283591796,-0.2850265546331456
0.0012621298621810905,-0.29992340909360415
0.0012627854407703852,-0.30649557858760723
0.0012634410193596798,-0.30171064633558675
0.0012640965979489743,-0.2970481664984277
0.001264752176538269,-0.2940842415942315
0.0012654077551275639,-0.2922776248899388
0.0012660633337168584,-0.289739130665091
0.001266718912306153,-0.28640490887152475
0.0012673744908954477,-0.285189885207792
0.0012680300694847422,-0.2889446314381683
0.001268685648074037,-0.2948436033342771
0.0012693412266633316,-0.2876195341081358
0.0012699968052526263,-0.27877731532143574
0.0012706523838419209,-0.27438615391301696
0.0012713079624312156,-0.27506191808942415
0.0012719635410205102,-0.27955992687911535
0.001272619119609805,-0.2879571446702568
0.0012732746981990995,-0.29405523892739904
0.0012739302767883942,-0.28198390229528
0.0012745858553776888,-0.2669581658652994
0.0012752414339669835,-0.2673574977371585
0.001275897012556278,-0.26533645223698976
0.0012765525911455728,-0.264479773901019
0.0012772081697348674,-0.2839061703422004
0.001277863748324162,-0.2986207459131323
0.0012785193269134567,-0.2818257099198949
0.0012791749055027514,-0.267905731277488
0.001279830484092046,-0.2379054293922274
0.0012804860626813405,-0.20441006520676613
0.0012811416412706353,-0.20515231237448728
0.0012817972198599298,-0.20414091907765505
0.0012824527984492246,-0.20549376889543525
0.0012831083770385191,-0.2053858230287513
0.001283763955627814,-0.19682405556451926
0.0012844195342171085,-0.19406130067129662
0.0012850751128064032,-0.17370196177129904
0.0012857306913956978,-0.15004290724912803
0.0012863862699849925,-0.1423382581773513
0.001287041848574287,-0.1365929871321307
0.0012876974271635818,-0.1283479526188158
0.0012883530057528764,-0.11252271875728063
0.0012890085843421711,-0.09815603749659275
0.0012896641629314657,-0.1120152266390358
0.0012903197415207604,-0.13652719999709426
0.001290975320110055,-0.15476497541749767
0.0012916308986993495,-0.16606827158135595
0.0012922864772886443,-0.19099706897273616
0.001292942055877939,-0.21052863844454445
0.0012935976344672336,-0.21226007920600964
0.0012942532130565281,-0.1985877529823559
0.001294908791645823,-0.1822637803659138
0.0012955643702351174,-0.19582319834312858
0.0012962199488244122,-0.19039992124704386
0.0012968755274137067,-0.17916506821216807
0.0012975311060030015,-0.18484084001085763
0.001298186684592296,-0.18128822252198062
0.0012988422631815908,-0.1619373454051497
0.0012994978417708854,-0.15053357837620593
0.0013001534203601801,-0.16015485267640617
0.0013008089989494747,-0.15512431411897243
0.0013014645775387694,-0.15197225616260931
0.001302120156128064,-0.13270544984463525
0.0013027757347173587,-0.10013739362464885
0.0013034313133066533,-0.09680551251861184
0.001304086891895948,-0.1010456204747171
0.0013047424704852426,-0.09891705899473538
0.0013053980490745371,-0.08741521774217144
0.0013060536276638319,-0.07759874002491317
0.0013067092062531266,-0.07366086694234178
0.0013073647848424212,-0.06628447384236877
0.0013080203634317157,-0.05723892407306728
0.0013086759420210105,-0.05954262697857972
0.001309331520610305,-0.06122759903350503
0.0013099870991995998,-0.06456159683656042
0.0013106426777888943,-0.06056507209598867
0.001311298256378189,-0.04621461595182224
0.0013119538349674836,-0.03776022773956153
0.0013126094135567784,-0.021700470023918852
0.001313264992146073,-0.011279493772873711
0.0013139205707353677,-0.012256470781134449
0.0013145761493246623,-0.0006233626421697744
0.001315231727913957,0.0203307583025994
0.0013158873065032516,0.02994433290266224
0.0013165428850925463,0.03198887102211706
0.0013171984636818409,0.04443324600729716
0.0013178540422711356,0.06076184379705173
0.0013185096208604302,0.06328810668075241
0.0013191651994497247,0.06305789679338171
0.0013198207780390195,0.07624459863529225
0.0013204763566283142,0.05457499496093927
0.0013211319352176088,0.04858156831798455
0.0013217875138069033,0.05876818338034208
0.001322443092396198,0.0597028789498623
0.0013230986709854926,0.04739087572263893
0.0013237542495747874,0.04121887544543079
0.001324409828164082,0.048435516343364404
0.0013250654067533767,0.06284834220266922
0.0013257209853426712,0.08193973118777005
0.001326376563931966,0.09365607988513507
0.0013270321425212605,0.11369744751370493
0.0013276877211105553,0.14188464000093545
0.0013283432996998498,0.16182649778617827
0.0013289988782891446,0.17277512856733612
0.0013296544568784392,0.17775223135553297
0.0013303100354677337,0.18308144333800547
0.0013309656140570285,0.18227476155575956
0.0013316211926463232,0.15832484028949054
0.0013322767712356178,0.15961280833984826
0.0013329323498249123,0.1718359634020244
0.001333587928414207,0.18802653959778112
0.0013342435070035018,0.2301198272995243
0.0013348990855927964,0.2510501451860596
0.001335554664182091,0.24813319955731541
0.0013362102427713857,0.24064514708506554
0.0013368658213606802,0.23485303869534477
0.001337521399949975,0.24159793920181885
0.0013381769785392695,0.24256739267494826
0.0013388325571285643,0.24200966608044672
0.0013394881357178588,0.24400567560842737
0.0013401437143071536,0.22657994378317392
0.0013407992928964481,0.21451428059400712
0.001341454871485743,0.21711063548893814
0.0013421104500750374,0.20841310292428747
0.0013427660286643322,0.22028121283855892
0.0013434216072536267,0.24117262567602418
0.0013440771858429213,0.2516740980355134
0.001344732764432216,0.24399224810177608
0.0013453883430215108,0.2428902608743118
0.0013460439216108054,0.22907391348432002
0.0013466995002001,0.20032165054437162
0.0013473550787893947,0.1910960326068993
0.0013480106573786894,0.18628754015744872
0.001348666235967984,0.190966197585416
0.0013493218145572785,0.17622404332970698
0.0013499773931465733,0.14516547281875145
0.0013506329717358678,0.1358821903304948
0.0013512885503251626,0.12735020851222884
0.0013519441289144571,0.10722817928664508
0.0013525997075037519,0.09990948573107242
0.0013532552860930464,0.08967265680638224
0.0013539108646823412,0.05516051740229079
0.0013545664432716357,0.01703765846350189
0.0013552220218609305,-0.011309047713063385
0.001355877600450225,-0.017625967149080317
0.0013565331790395198,-0.0159408991204997
0.0013571887576288143,-0.013970627236673633
0.0013578443362181089,-0.024930356437859288
0.0013584999148074036,-0.027662955216141153
0.0013591554933966984,-0.028355490454739694
0.001359811071985993,-0.03143288185997864
0.0013604666505752875,-0.05239995954934963
0.0013611222291645823,-0.07636003989747227
0.001361777807753877,-0.08030080677418508
0.0013624333863431716,-0.07935990722282349
0.001363088964932466,-0.08315950353448957
0.0013637445435217609,-0.08698444188902717
0.0013644001221110554,-0.08712645998789238
0.0013650557007003502,-0.09116370826925466
0.0013657112792896447,-0.09216165559782732
0.0013663668578789395,-0.09346809638104744
0.001367022436468234,-0.10186394122237816
0.0013676780150575288,-0.09634451600301182
0.0013683335936468233,-0.12124019694859442
0.001368989172236118,-0.1524146624503265
0.0013696447508254126,-0.15008356267134293
0.0013703003294147074,-0.15337944479105442
0.001370955908004002,-0.1602513640965172
0.0013716114865932965,-0.1701723417355437
0.0013722670651825912,-0.18787919350555599
0.001372922643771886,-0.20643106752752835
0.0013735782223611805,-0.21987271562198343
0.001374233800950475,-0.2107882168807758
0.0013748893795397699,-0.20542115404524733
0.0013755449581290646,-0.21328512482409492
0.0013762005367183592,-0.21706688175732455
0.0013768561153076537,-0.21804027429631873
0.0013775116938969485,-0.2161600477347315
0.001378167272486243,-0.20954321591818056
0.0013788228510755378,-0.200207260678806
0.0013794784296648323,-0.16175284411628496
0.001380134008254127,-0.11346640232347688
0.0013807895868434216,-0.08927930910635618
0.0013814451654327164,-0.10090164584061231
0.001382100744022011,-0.1147576963859623
0.0013827563226113055,-0.11734416393036087
0.0013834119012006002,-0.1255556811065498
0.001384067479789895,-0.14777801025799867
0.0013847230583791895,-0.16680814917893125
0.001385378636968484,-0.17765576327301455
0.0013860342155577788,-0.18610194908609237
0.0013866897941470736,-0.1692282862847647
0.0013873453727363681,-0.16148191185368135
0.0013880009513256627,-0.17232247084491187
0.0013886565299149574,-0.18283846955227034
0.0013893121085042522,-0.17210896832812492
0.0013899676870935468,-0.15231268573766216
0.0013906232656828413,-0.1436111506082303
0.001391278844272136,-0.16992256004510373
0.0013919344228614306,-0.193577782853704
0.0013925900014507254,-0.18041462594852956
0.00139324558004002,-0.1439063877923712
0.0013939011586293147,-0.11570198172046568
0.0013945567372186092,-0.10526003651990477
0.001395212315807904,-0.10867318390851777
0.0013958678943971985,-0.11115685975959323
0.001396523472986493,-0.11350609657022852
0.0013971790515757878,-0.10769428443326766
0.0013978346301650826,-0.06303979723971798
0.0013984902087543771,-0.03591670921499438
0.0013991457873436717,-0.026607823148149558
0.0013998013659329664,-0.017693286525459092
0.0014004569445222612,-0.024074145277641294
0.0014011125231115557,-0.024357855371526578
0.0014017681017008503,-0.017246152911660605
0.001402423680290145,-0.0007456975104771322
0.0014030792588794396,0.0025871056807028336
0.0014037348374687343,0.0006233626426178935
0.001404390416058029,0.01477664323053355
0.0014050459946473237,0.03385211732834103
0.0014057015732366182,0.05309848679200586
0.001406357151825913,0.06759884336026506
0.0014070127304152075,0.07836672858485656
0.0014076683090045023,0.0969640085201909
0.0014083238875937968,0.10349867749388351
0.0014089794661830916,0.0948844019425644
0.0014096350447723861,0.08733690029395824
0.0014102906233616807,0.08983345733407627
0.0014109462019509754,0.09345327182160654
0.0014116017805402702,0.09304286449806112
0.0014122573591295647,0.09817259845055307
0.0014129129377188593,0.10901887250916932
0.001413568516308154,0.11659427255890892
0.0014142240948974488,0.11412391232498538
0.0014148796734867433,0.09424372899594613
0.0014155352520760379,0.09480569207874641
0.0014161908306653326,0.1160770232113542
0.0014168464092546272,0.1366383838451606
0.001417501987843922,0.13644344357480723
0.0014181575664332165,0.13538521385570382
0.0014188131450225112,0.13625835524013838
0.0014194687236118058,0.14991137310228983
0.0014201243022011006,0.16224009287578245
0.001420779880790395,0.1595534390743202
0.0014214354593796899,0.16529252619774837
0.0014220910379689844,0.19454591820438752
0.0014227466165582792,0.21307822030095414
0.0014234021951475737,0.23181815694108668
0.0014240577737368683,0.24809089822925934
0.001424713352326163,0.2596690229105333
0.0014253689309154578,0.27256340207898766
0.0014260245095047523,0.26305051431139786
0.0014266800880940469,0.2662424274905237
0.0014273356666833416,0.28154321645262925
0.0014279912452726364,0.30000124004451584
0.001428646823861931,0.3053148126486596
0.0014293024024512255,0.32606081653454716
0.0014299579810405202,0.3453989253892304
0.0014306135596298148,0.3542766083846089
0.0014312691382191095,0.35820505875694303
0.001431924716808404,0.3686401337570823
0.0014325802953976988,0.36860319274969383
0.0014332358739869934,0.3587415922733973
0.0014338914525762881,0.3537032028352492
0.0014345470311655827,0.3814356436692769
0.0014352026097548775,0.3975166919638119
0.001435858188344172,0.40686681012337556
0.0014365137669334668,0.41791026837797773
0.0014371693455227613,0.4309517447094255
0.0014378249241120558,0.4423304722668195
0.0014384805027013506,0.45467814049500554
0.0014391360812906454,0.47040131449269934
0.00143979165987994,0.4906551859554772
0.0014404472384692345,0.4881094378426175
0.0014411028170585292,0.492097782128844
0.001441758395647824,0.49745882606331365
0.0014424139742371185,0.501580035985319
0.001443069552826413,0.520569868306621
0.0014437251314157078,0.520591872551834
0.0014443807100050024,0.5156084830258598
0.0014450362885942971,0.5047074150173033
0.0014456918671835917,0.46616099156985635
0.0014463474457728864,0.4355242222684203
0.001447003024362181,0.4067928245653165
0.0014476586029514757,0.39431099222758137
0.0014483141815407703,0.40168496475518783
0.001448969760130065,0.41204211143262875
0.0014496253387193596,0.41906869204028263
0.0014502809173086544,0.41998261576589596
0.001450936495897949,0.42512100162533406
0.0014515920744872434,0.43852622457718365
0.0014522476530765382,0.4352333123942088
0.001452903231665833,0.415118764014592
0.0014535588102551275,0.39370506590451976
0.001454214388844422,0.38856459188966136
0.0014548699674337168,0.3845791883057814
0.0014555255460230116,0.38852122894653235
0.0014561811246123061,0.388109829901041
0.0014568367032016007,0.38950116140428914
0.0014574922817908954,0.4220098590696889
0.00145814786038019,0.4383607250915843
0.0014588034389694847,0.43537925906488706
0.0014594590175587793,0.40424371990415325
0.001460114596148074,0.3701377454102785
0.0014607701747373686,0.3714720562627537
0.0014614257533266633,0.37133871269233204
0.0014620813319159579,0.36843174717296956
0.0014627369105052526,0.3707610877656511
0.0014633924890945472,0.3730424608634332
0.001464048067683842,0.35912464907332037
0.0014647036462731365,0.347553831902431
0.001465359224862431,0.35300494241163316
0.0014660148034517258,0.3627110315402129
0.0014666703820410206,0.3533387411508433
0.001467325960630315,0.3395814759053062
0.0014679815392196096,0.3268626594341649
0.0014686371178089044,0.3209671598986931
0.0014692926963981992,0.35228191982552626
0.0014699482749874937,0.3625689568734885
0.0014706038535767883,0.3706131782417029
0.001471259432166083,0.3782328686353026
0.0014719150107553776,0.36503778725319985
0.0014725705893446723,0.34367671730326393
0.0014732261679339669,0.3497542644840486
0.0014738817465232616,0.34433941265601564
0.0014745373251125562,0.34450075304078615
0.001475192903701851,0.3602077682637421
0.0014758484822911455,0.36283895954450707
0.0014765040608804402,0.3710849738889291
0.0014771596394697348,0.37983014926875636
0.0014778152180590295,0.3787839312255343
0.001478470796648324,0.38277055825864625
0.0014791263752376186,0.3845831116000965
0.0014797819538269134,0.38781917948058514
0.0014804375324162082,0.397361040050562
0.0014810931110055027,0.4191528826428692
0.0014817486895947972,0.4298708715763385
0.001482404268184092,0.42055376069450007
0.0014830598467733868,0.4060052826903512
0.0014837154253626813,0.4088590334160427
0.0014843710039519759,0.4181310463901805
0.0014850265825412706,0.416173631701311
0.0014856821611305652,0.39738216021964107
0.00148633773971986,0.4003162431851571
0.0014869933183091545,0.4255661911893857
0.0014876488968984492,0.4275707360304595
0.0014883044754877438,0.40517035386273886
0.0014889600540770385,0.40645791181247376
0.001489615632666333,0.4099593394366401
0.0014902712112556276,0.4132714078783113
0.0014909267898449224,0.41257100577907335
0.0014915823684342171,0.40309692000348063
0.0014922379470235117,0.41546177861094513
0.0014928935256128062,0.43143808247696686
0.001493549104202101,0.42482876222583954
0.0014942046827913958,0.42106844637631563
0.0014948602613806903,0.42990175331341607
0.0014955158399699848,0.4199840144395322
0.0014961714185592796,0.40698518216385776
0.0014968269971485744,0.41519084800503764
0.001497482575737869,0.4199089339214141
0.0014981381543271634,0.40878856476568654
0.0014987937329164582,0.4166820658773645
0.0014994493115057528,0.4368773881230514
0.0015001048900950475,0.4434163795167984
0.001500760468684342,0.4369819170591832
0.0015014160472736368,0.43798481035828785
0.0015020716258629314,0.43612700987384484
0.0015027272044522261,0.4248304310036767
0.0015033827830415207,0.42784744186328605
0.0015040383616308152,0.4290451297259412
0.00150469394022011,0.41254035202345485
0.0015053495188094047,0.42564104996923924
0.0015060050973986993,0.42440467094562917
0.0015066606759879938,0.4200783608419485
0.0015073162545772886,0.40553944035479206
0.0015079718331665833,0.39842405891107985
0.0015086274117558779,0.3967348367118761
0.0015092829903451724,0.3711120051492435
0.0015099385689344672,0.3580278558054661
0.0015105941475237617,0.35715486093444865
0.0015112497261130565,0.3556178893729815
0.001511905304702351,0.35171920945044854
0.0015125608832916458,0.3276926699639405
0.0015132164618809403,0.3116540766512076
0.0015138720404702351,0.2993379252971426
0.0015145276190595297,0.2895298283694324
0.0015151831976488244,0.2698147519020123
0.001515838776238119,0.24541594300200725
0.0015164943548274137,0.22996726189042502
0.0015171499334167083,0.21992723794142927
0.0015178055120060028,0.20920363150460397
0.0015184610905952976,0.201156892300233
0.0015191166691845923,0.20509742831273697
0.0015197722477738869,0.21660422084828412
0.0015204278263631814,0.20603460679156752
0.0015210834049524762,0.21274227973241722
0.001521738983541771,0.21388010456733692
0.0015223945621310655,0.21465336002364188
0.00152305014072036,0.21370327850503618
0.0015237057193096548,0.19258042500915115
0.0015243612978989493,0.1893103966569223
0.001525016876488244,0.18742848736307094
0.0015256724550775386,0.1841706805780648
0.0015263280336668334,0.17399758329638773
0.001526983612256128,0.1655049864008458
0.0015276391908454227,0.1731516853732145
0.0015282947694347172,0.18007945684694807
0.001528950348024012,0.17772732745164466
0.0015296059266133066,0.1909230061378926
0.0015302615052026013,0.20932805518751477
0.0015309170837918959,0.21337698267672656
0.0015315726623811904,0.2015187816159798
0.0015322282409704852,0.18766618434229188
0.00153288381955978,0.18461648370939798
0.0015335393981490745,0.1848116172669379
0.001534194976738369,0.193899009753442
0.0015348505553276638,0.20544948492562043
0.0015355061339169585,0.19305721509322432
0.001536161712506253,0.18871905429818772
0.0015368172910955476,0.1811030694161854
0.0015374728696848424,0.17076756566736614
0.001538128448274137,0.1634954702897833
0.0015387840268634317,0.18749434615637534
0.0015394396054527262,0.16883499274395797
0.001540095184042021,0.14544538679495397
0.0015407507626313155,0.13468235099050993
0.0015414063412206103,0.12173316765858615
0.0015420619198099048,0.1282486051173667
0.0015427174983991996,0.12294471510696192
0.0015433730769884941,0.11413491396474362
0.001544028655577789,0.11455659215707169
0.0015446842341670835,0.10789406204068663
0.001545339812756378,0.10663016122145999
0.0015459953913456728,0.10138143600549386
0.0015466509699349675,0.0943022686739271
0.001547306548524262,0.0907883480971648
0.0015479621271135566,0.08900338153441781
0.0015486177057028514,0.0944616179506258
0.0015492732842921461,0.0956303623367003
0.0015499288628814407,0.08634560434300517
0.0015505844414707352,0.07969280844322471
0.00155124002006003,0.07628562266051415
0.0015518955986493245,0.08327064684391489
0.0015525511772386193,0.09388475365179688
0.0015532067558279138,0.10427416092188685
0.0015538623344172086,0.1357126659503424
0.0015545179130065031,0.14776508711918818
0.001555173491595798,0.14426008018091674
0.0015558290701850924,0.13255538925159377
0.0015564846487743872,0.12648749295743716
0.0015571402273636817,0.12446198142312702
0.0015577958059529765,0.12226522178157415
0.001558451384542271,0.11930951754816665
0.0015591069631315656,0.12096661740885638
0.0015597625417208604,0.14588767469096456
0.0015604181203101551,0.1415614565305565
0.0015610736988994497,0.14051498068041623
0.0015617292774887442,0.15430585401077038
0.001562384856078039,0.17233374231731088
0.0015630404346673337,0.1643501395933687
0.0015636960132566283,0.1724958520207541
0.0015643515918459228,0.18039015921927223
0.0015650071704352176,0.17835200390221825
0.0015656627490245123,0.17157049001715
0.0015663183276138069,0.17670984273688953
0.0015669739062031014,0.14616850971715506
0.001567629484792396,0.12345063672390869
0.0015682850633816907,0.12534105114779504
0.0015689406419709855,0.13526624884886868
0.00156959622056028,0.13742958985241088
0.0015702517991495746,0.12477830236667482
0.0015709073777388693,0.12459159023949516
0.001571562956328164,0.09791744770470907
0.0015722185349174586,0.08383659115654875
0.0015728741135067532,0.0651699378069586
0.001573529692096048,0.05701261335238617
0.0015741852706853427,0.047216000281750756
0.0015748408492746373,0.03530607714278336
0.0015754964278639318,0.04050721631667059
0.0015761520064532266,0.048407882938771025
0.0015768075850425213,0.05303456102516795
0.0015774631636318159,0.0640544413475808
0.0015781187422211104,0.07975634772845017
0.0015787743208104052,0.08435419020276054
0.0015794298993997,0.0883007035631408
0.0015800854779889945,0.1016372077228903
0.001580741056578289,0.10097050584398506
0.0015813966351675836,0.07945781753077162
0.0015820522137568783,0.08441472429548372
0.001582707792346173,0.09395076844923161
0.0015833633709354676,0.10498303375981577
0.0015840189495247622,0.10970592195197588
0.001584674528114057,0.12189318580224866
0.0015853301067033517,0.12465169453631551
0.0015859856852926462,0.12149212094336732
0.0015866412638819408,0.13506522971016618
0.0015872968424712355,0.1346789348943555
0.0015879524210605303,0.13742263154864867
0.0015886079996498248,0.14471553518339553
0.0015892635782391194,0.1541243710828341
0.0015899191568284142,0.17360572081612474
0.001590574735417709,0.1818690338968022
0.0015912303140070035,0.17566426021026774
0.001591885892596298,0.17615667708097263
0.0015925414711855928,0.20192489973674294
0.0015931970497748875,0.2200756364340555
0.001593852628364182,0.22087799133522193
0.0015945082069534766,0.2094129951607549
0.0015951637855427712,0.2187656522059709
0.001595819364132066,0.2277174679777168
0.0015964749427213607,0.23790745479529762
0.0015971305213106552,0.2514638685829005
0.0015977860998999498,0.2565303811946606
0.0015984416784892445,0.2672164596217609
0.0015990972570785393,0.2891431563861636
0.0015997528356678338,0.3122915411206012
0.0016004084142571284,0.3250932378902161
0.0016010639928464231,0.31563954295024377
0.001601719571435718,0.3108986585482891
0.0016023751500250124,0.32304331655121055
0.001603030728614307,0.3406180165301161
0.0016036863072036018,0.3596313612148292
0.0016043418857928965,0.3828945498342562
0.001604997464382191,0.38111138271951467
0.0016056530429714856,0.38783779751918385
0.0016063086215607804,0.4067234277838932
0.0016069642001500751,0.4308689453421471
0.0016076197787393697,0.4481085112601397
0.0016082753573286642,0.4476746586579482
0.0016089309359179588,0.4438793204818674
0.0016095865145072535,0.4561883631559669
0.0016102420930965483,0.4972827880981141
0.0016108976716858428,0.5502958687597016
0.0016115532502751374,0.5974595248332916
0.0016122088288644321,0.6392148322975579
0.0016128644074537269,0.6636506111933241
0.0016135199860430214,0.6778406797317769
0.001614175564632316,0.6924810148764963
0.0016148311432216107,0.7019176106876707
0.0016154867218109055,0.7084562261695891
0.0016161423004002,0.7157109819998192
0.0016167978789894946,0.720798845497436
0.0016174534575787893,0.7203348403625675
0.001618109036168084,0.7140482471138708
0.0016187646147573787,0.710647627054858
0.0016194201933466732,0.7008467652896092
0.001620075771935968,0.6952835270238004
0.0016207313505252627,0.7127176070352529
0.0016213869291145573,0.729412396968596
0.0016220425077038518,0.7361984191351246
0.0016226980862931463,0.7575485500466362
0.0016233536648824411,0.7702368530691274
0.0016240092434717359,0.7809537480781408
0.0016246648220610304,0.7921682983771517
0.001625320400650325,0.8010762893585994
0.0016259759792396197,0.8014837374948878
0.0016266315578289145,0.8098532051370148
0.001627287136418209,0.8138691158210424
0.0016279427150075036,0.8146732382327702
0.0016285982935967983,0.8164585178667162
0.001629253872186093,0.8210602751013626
0.0016299094507753876,0.8128417891475251
0.0016305650293646822,0.8109413660439794
0.001631220607953977,0.8226185359928143
0.0016318761865432717,0.8419364493317316
0.0016325317651325662,0.8382004091196137
0.0016331873437218608,0.8565786295703103
0.0016338429223111556,0.8725681243997618
0.00163449850090045,0.8717848615933668
0.0016351540794897449,0.8590036940134378
0.0016358096580790394,0.8509146628184673
0.001636465236668334,0.8715730022125971
0.0016371208152576287,0.8932536509068723
0.0016377763938469235,0.8961071657032654
0.001638431972436218,0.887845098169018
0.0016390875510255126,0.8999845935757331
0.0016397431296148073,0.9099250099869695
0.001640398708204102,0.9109033892856352
0.0016410542867933966,0.9103905852865987
0.0016417098653826912,0.9126372494619754
0.001642365443971986,0.9171412501544494
0.0016430210225612807,0.9217219394984805
0.0016436766011505752,0.9162698486159471
0.0016443321797398698,0.9015279009278806
0.0016449877583291645,0.9011097038963513
0.0016456433369184593,0.9007253808097044
0.0016462989155077538,0.8954931710017754
0.0016469544940970484,0.8920913774144399
0.0016476100726863431,0.9168577077350587
0.0016482656512756377,0.9309667589394363
0.0016489212298649325,0.9318695294261713
0.001649576808454227,0.9273444344121246
0.0016502323870435215,0.9182911400008269
0.0016508879656328163,0.9031998380158884
0.001651543544222111,0.8939395638628762
0.0016521991228114056,0.8780607506753765
0.0016528547014007001,0.874324461730303
0.001653510279989995,0.8773210755859333
0.0016541658585792897,0.8753056602363842
0.0016548214371685842,0.8952651351473583
0.0016554770157578788,0.8817344924170101
0.0016561325943471735,0.8689934146232755
0.0016567881729364683,0.8679468027170241
0.0016574437515257628,0.8782647554838271
0.0016580993301150574,0.8774847551238734
0.0016587549087043521,0.88024218709017
0.0016594104872936469,0.8792775957525659
0.0016600660658829414,0.8941348527649153
0.001660721644472236,0.9357557372089972
0.0016613772230615305,0.9611245319807148
0.0016620328016508253,0.9717760424681416
0.00166268838024012,0.9827228135794721
0.0016633439588294146,0.9869181935721041
0.0016639995374187091,0.9913684441093609
0.001664655116008004,0.99767406236896
0.0016653106945972987,1.021290736301571
0.0016659662731865932,1.0180087530582098
0.0016666218517758877,1.0066778932829548
0.0016672774303651825,1.0240515096226952
0.0016679330089544773,1.0478684439249546
0.0016685885875437718,1.0548821390886758
0.0016692441661330664,1.0495352210104691
0.0016698997447223611,1.0430291925696484
0.0016705553233116559,1.0432087497369205
0.0016712109019009504,1.0571583246851395
0.001671866480490245,1.0683984610641382
0.0016725220590795397,1.06838140895199
0.0016731776376688345,1.0555537739314578
0.001673833216258129,1.0477330460244823
0.0016744887948474236,1.0683779963749145
0.0016751443734367181,1.0945914122545248
0.0016757999520260129,1.113059028037511
0.0016764555306153076,1.1109364250221172
0.0016771111092046022,1.090217533130567
0.0016777666877938967,1.053490757622843
0.0016784222663831915,1.0358761259572782
0.0016790778449724863,1.036422436194428
0.0016797334235617808,1.0254675153885398
0.0016803890021510753,1.0028218327324538
0.00168104458074037,0.9894374104009236
0.0016817001593296649,0.9772416551617381
0.0016823557379189594,0.9760756057577588
0.001683011316508254,0.9780681825473401
0.0016836668950975487,0.9872660314708824
0.0016843224736868435,0.9963084040793104
0.001684978052276138,0.9962927732076255
0.0016856336308654326,0.999707678353937
0.0016862892094547273,0.9859529925976706
0.001686944788044022,0.9582496384850603
0.0016876003666333166,0.931611080819486
0.0016882559452226112,0.9165364640653617
0.0016889115238119057,0.9044682440608516
0.0016895671024012005,0.9122087876225224
0.0016902226809904952,0.9160847844855321
0.0016908782595797898,0.9055957236007384
0.0016915338381690843,0.8981209402913799
0.001692189416758379,0.8832460718354487
0.0016928449953476738,0.8788173532492365
0.0016935005739369684,0.87717760489306
0.001694156152526263,0.8647829253327781
0.0016948117311155577,0.8559392650017893
0.0016954673097048525,0.859321651452327
0.001696122888294147,0.8630399584225554
0.0016967784668834415,0.8638427052759716
0.0016974340454727363,0.8577763520739118
0.001698089624062031,0.8310746077591894
0.0016987452026513256,0.8132399751288035
0.0016994007812406202,0.805285222028286
0.001700056359829915,0.7924128569475313
0.0017007119384192097,0.7782385152131919
0.0017013675170085042,0.7693125741118895
0.0017020230955977988,0.7413991617859479
0.0017026786741870933,0.7054579151231338
0.001703334252776388,0.6760875853706313
0.0017039898313656828,0.6591014015048872
0.0017046454099549774,0.6656318111182851
0.001705300988544272,0.6592241049036062
0.0017059565671335667,0.6408138026167389
0.0017066121457228614,0.625459859356137
0.001707267724312156,0.6171725093465862
0.0017079233029014505,0.5992544951943373
0.0017085788814907453,0.5599055676955743
0.00170923446008004,0.5221645099190857
0.0017098900386693346,0.5007642691684591
0.0017105456172586291,0.4929705358575942
0.001711201195847924,0.48301589102057535
0.0017118567744372187,0.4839218068844445
0.0017125123530265132,0.47695611218642964
0.0017131679316158078,0.4612186637536749
0.0017138235102051025,0.44283404714663
0.0017144790887943973,0.42952630159822386
0.0017151346673836918,0.4270427104201377
0.0017157902459729864,0.42004309708184706
0.001716445824562281,0.41049517896054394
0.0017171014031515757,0.4018968325377414
0.0017177569817408704,0.3930695616682441
0.001718412560330165,0.39775534560145615
0.0017190681389194595,0.3993609601668904
0.0017197237175087543,0.40980394052960906
0.001720379296098049,0.423624650388054
0.0017210348746873436,0.39777921617554546
0.0017216904532766381,0.39053797523831685
0.0017223460318659329,0.39338390316332944
0.0017230016104552276,0.3967289467785814
0.0017236571890445222,0.40197427267104074
0.0017243127676338167,0.41887825623520775
0.0017249683462231115,0.42539736317457405
0.0017256239248124063,0.4221268422185255
0.0017262795034017008,0.4097523217724035
0.0017269350819909953,0.3867027369383934
0.00172759066058029,0.3702399844043296
0.0017282462391695849,0.3584028629906013
0.0017289018177588794,0.3484197169566049
0.001729557396348174,0.33791370831807394
0.0017302129749374685,0.33930235161568306
0.0017308685535267633,0.3434614943741232
0.001731524132116058,0.3422562138956495
0.0017321797107053526,0.32831372281683713
0.0017328352892946471,0.3443288018854034
0.0017334908678839419,0.3485087365607948
0.0017341464464732366,0.33834563930380596
0.0017348020250625312,0.3498574376920327
0.0017354576036518257,0.3540827288250242
0.0017361131822411205,0.3427409727256038
0.0017367687608304152,0.33377809820401644
0.0017374243394197098,0.3317416270115324
0.0017380799180090043,0.3351874699909113
0.001738735496598299,0.34028462750300953
0.0017393910751875939,0.33754677027854685
0.0017400466537768884,0.35397802957856156
0.001740702232366183,0.3643059291308218
0.0017413578109554777,0.3612219757414386
0.0017420133895447722,0.3542016048067379
0.001742668968134067,0.3327849130992436
0.0017433245467233616,0.3153148063817179
0.001743980125312656,0.31477820620710795
0.0017446357039019509,0.30715121045992066
0.0017452912824912456,0.3014414623923984
0.0017459468610805402,0.2919857558630734
0.0017466024396698347,0.2874091952880376
0.0017472580182591295,0.2774980103007869
0.0017479135968484242,0.27605626513640175
0.0017485691754377188,0.2686929424155054
0.0017492247540270133,0.23730424890614846
0.001749880332616308,0.21028492716823974
0.0017505359112056028,0.1923302374286149
0.0017511914897948974,0.18692540178220224
0.001751847068384192,0.19007786292874437
0.0017525026469734867,0.19109359959250755
0.0017531582255627814,0.18413937733707916
0.001753813804152076,0.1883706575147502
0.0017544693827413705,0.19972150473917058
0.0017551249613306653,0.19076022276096072
0.0017557805399199598,0.1685427973775368
0.0017564361185092546,0.16653895357927034
0.0017570916970985491,0.17063484428469197
0.0017577472756878437,0.1579369148204665
0.0017584028542771385,0.14779569333878678
0.0017590584328664332,0.1430596391120592
0.0017597140114557278,0.1386070380066964
0.0017603695900450223,0.1394018221584611
0.001761025168634317,0.12759936884663023
0.0017616807472236118,0.11330418482096496
0.0017623363258129064,0.11322712171486245
0.001762991904402201,0.11583163085096723
0.0017636474829914957,0.08575123723226837
0.0017643030615807904,0.05737706326111984
0.001764958640170085,0.03758823547642655
0.0017656142187593795,0.03332527835203135
0.0017662697973486743,0.024037734358334204
0.001766925375937969,0.0151405202576098
0.0017675809545272636,0.008897586965343506
0.0017682365331165581,0.007493661957859937
0.0017688921117058527,0.004590425790924091
0.0017695476902951474,0.005039332983263883
0.0017702032688844422,0.013814386637055788
0.0017708588474737367,0.004109605613668833
0.0017715144260630313,-0.0025282006862199155
0.001772170004652326,-0.0038103295200518045
0.0017728255832416208,-0.006185969123313673
0.0017734811618309154,-0.02921610746357482
0.00177413674042021,-0.048331305436420655
0.0017747923190095047,-0.02757304716217552
0.0017754478975987994,-0.0007226771432363616
0.001776103476188094,0.0017927129775020707
0.0017767590547773885,-0.028738317490138075
0.0017774146333666833,-0.0272936056275726
0.001778070211955978,-0.033185367430791694
0.0017787257905452726,-0.048766025317899975
0.0017793813691345671,-0.06297295070376477
0.0017800369477238619,-0.06675810855177192
0.0017806925263131566,-0.08013555266512977
0.0017813481049024512,-0.10320452150179216
0.0017820036834917457,-0.11653982881668905
0.0017826592620810403,-0.12224018425934223
0.001783314840670335,-0.12741629144616395
0.0017839704192596298,-0.1305448511113983
0.0017846259978489243,-0.13826102102441062
0.0017852815764382189,-0.14678971612073027
0.0017859371550275136,-0.1692945640465196
0.0017865927336168084,-0.20516326336379828
0.001787248312206103,-0.23447056681669343
0.0017879038907953975,-0.255028684818538
0.0017885594693846923,-0.2709216223162902
0.001789215047973987,-0.28575540028825674
0.0017898706265632816,-0.2960119482253622
0.001790526205152576,-0.29783596560761505
0.0017911817837418709,-0.2967622389488536
0.0017918373623311656,-0.2991039370277446
0.0017924929409204602,-0.2995492421733484
0.0017931485195097547,-0.29970587053575104
0.0017938040980990495,-0.3028670994920928
0.0017944596766883442,-0.3125949276466303
0.0017951152552776388,-0.3346308719026603
0.0017957708338669333,-0.3552514570837425
0.0017964264124562279,-0.3641420904106911
0.0017970819910455226,-0.3703405784300046
0.0017977375696348174,-0.38906167914172024
0.001798393148224112,-0.3644662355015156
0.0017990487268134065,-0.3633221518130259
0.0017997043054027012,-0.3774180128251866
0.001800359883991996,-0.3827113109760508
0.0018010154625812905,-0.39165579115155114
0.001801671041170585,-0.3876465889319242
0.0018023266197598798,-0.37729080489755606
0.0018029821983491746,-0.3647166546793834
0.0018036377769384692,-0.38242001167787726
0.0018042933555277637,-0.4077579120316447
0.0018049489341170585,-0.4128969179605716
0.0018056045127063532,-0.39665814468911953
0.0018062600912956478,-0.38984487292433934
0.0018069156698849423,-0.4030826232740492
0.001807571248474237,-0.40797654001752726
0.0018082268270635318,-0.40841788510333726
0.0018088824056528264,-0.3985341589630769
0.001809537984242121,-0.4006228720339459
0.0018101935628314155,-0.40944526552783744
0.0018108491414207102,-0.416908159613876
0.001811504720010005,-0.44590206739952
0.0018121602985992995,-0.4832281912698212
0.001812815877188594,-0.47445992738446024
0.0018134714557778888,-0.4595337319008532
0.0018141270343671836,-0.45894706207623653
0.0018147826129564781,-0.45619000013482863
0.0018154381915457727,-0.42045146256038646
0.0018160937701350674,-0.38688206381728946
0.0018167493487243622,-0.38246197719134856
0.0018174049273136567,-0.3964929292729029
0.0018180605059029513,-0.4007835077909568
0.001818716084492246,-0.39144470301143686
0.0018193716630815408,-0.3774541800416743
0.0018200272416708354,-0.38015551058827074
0.00182068282026013,-0.37721693939955087
0.0018213383988494247,-0.38107825955462016
0.0018219939774387194,-0.36673102433866595
0.001822649556028014,-0.36380042143516084
0.0018233051346173085,-0.3790280194990119
0.001823960713206603,-0.39474031690680683
0.0018246162917958978,-0.3859563866134728
0.0018252718703851926,-0.3824656713001087
0.0018259274489744871,-0.3808128204625036
0.0018265830275637817,-0.37328095479593193
0.0018272386061530764,-0.35595283946131034
0.0018278941847423712,-0.34173311512969085
0.0018285497633316657,-0.3677285806295999
0.0018292053419209603,-0.38977642560813247
0.001829860920510255,-0.3730101180597608
0.0018305164990995498,-0.3511251195658686
0.0018311720776888443,-0.3437664989733198
0.0018318276562781389,-0.3531966328393412
0.0018324832348674336,-0.3519808788141646
0.0018331388134567284,-0.3288039274421333
0.001833794392046023,-0.29598611882928183
0.0018344499706353175,-0.27837703214438336
0.0018351055492246123,-0.23734386668676294
0.001835761127813907,-0.22559992217123737
0.0018364167064032016,-0.2372314459391715
0.001837072284992496,-0.26315040377653104
0.0018377278635817907,-0.30539659245638906
0.0018383834421710854,-0.35359222431308746
0.0018390390207603802,-0.3683474433544513
0.0018396945993496747,-0.37159325048885067
0.0018403501779389693,-0.38634735455222974
0.001841005756528264,-0.421419252831624
0.0018416613351175588,-0.4611046500441628
0.0018423169137068533,-0.49158631610392695
0.0018429724922961479,-0.49554109752547715
0.0018436280708854426,-0.5213885426609853
0.0018442836494747374,-0.5486582864276952
0.001844939228064032,-0.5672796242643222
0.0018455948066533265,-0.579001983558204
0.0018462503852426212,-0.597595899635965
0.001846905963831916,-0.6216873141815535
0.0018475615424212105,-0.6364669804025334
0.001848217121010505,-0.6570319133620284
0.0018488726995997999,-0.6884400156505395
0.0018495282781890944,-0.7227769724474084
0.0018501838567783892,-0.7479680282065889
0.0018508394353676837,-0.7713720434655232
0.0018514950139569782,-0.7956733546197209
0.001852150592546273,-0.8069857627600062
0.0018528061711355678,-0.8082695781024014
0.0018534617497248623,-0.8199960367606031
0.0018541173283141569,-0.8172331708109344
0.0018547729069034516,-0.8242168707362433
0.0018554284854927464,-0.8385271686207295
0.001856084064082041,-0.8570939207944915
0.0018567396426713355,-0.8826707333411802
0.0018573952212606302,-0.9168865712770607
0.001858050799849925,-0.9384598035931501
0.0018587063784392195,-0.9418484465132643
0.001859361957028514,-0.9503541482876717
0.0018600175356178088,-0.9600949605807763
0.0018606731142071036,-0.9577544257225736
0.0018613286927963981,-0.9522350037193577
0.0018619842713856927,-0.9400972865431076
0.0018626398499749874,-0.9467527469770869
0.001863295428564282,-0.950248990273962
0.0018639510071535768,-0.950194406925632
0.0018646065857428713,-0.966677821144739
0.0018652621643321658,-0.9958358785443023
0.0018659177429214606,-0.9908224848816162
0.0018665733215107554,-0.9872858058452686
0.00186722890010005,-0.9912336217626798
0.0018678844786893445,-1.0000542801096153
0.0018685400572786392,-1.0055843363931127
0.001869195635867934,-1.0062836139550906
0.0018698512144572285,-0.9924948487232467
0.001870506793046523,-0.976063542349671
0.0018711623716358178,-0.9779518487091041
0.0018718179502251126,-0.9848520544697624
0.0018724735288144071,-1.0000962537309044
0.0018731291074037017,-1.017356740284458
0.0018737846859929964,-1.010737122376937
0.0018744402645822912,-1.0109929853573614
0.0018750958431715857,-1.0095322738417527
0.0018757514217608803,-0.9967578514997693
0.0018764070003501748,-0.9872436491108877
0.0018770625789394696,-0.9699021748466162
0.0018777181575287643,-0.928738643326282
0.0018783737361180589,-0.8933532308091304
0.0018790293147073534,-0.8910660771159631
0.0018796848932966482,-0.8780634551369819
0.001880340471885943,-0.8638835185149584
0.0018809960504752375,-0.8514425799575418
0.001881651629064532,-0.8617256309521171
0.0018823072076538268,-0.8717908410581574
0.0018829627862431216,-0.8598249051177191
0.0018836183648324161,-0.8368058462129225
0.0018842739434217107,-0.8261591532776575
0.0018849295220110054,-0.8141652653114725
0.0018855851006003002,-0.811889548891613
0.0018862406791895947,-0.7981131454636055
0.0018868962577788893,-0.7982753828393008
0.001887551836368184,-0.7849114685785022
0.0018882074149574788,-0.7668952644472108
0.0018888629935467733,-0.7743361234973288
0.0018895185721360679,-0.7578743007421639
0.0018901741507253624,-0.737153605615106
0.0018908297293146572,-0.7323326118094831
0.001891485307903952,-0.7198783496946932
0.0018921408864932465,-0.7111770039954872
0.001892796465082541,-0.7091823105084395
0.0018934520436718358,-0.7200159296221147
0.0018941076222611306,-0.724537718662573
0.001894763200850425,-0.6932193130847805
0.0018954187794397196,-0.6682397046250604
0.0018960743580290144,-0.6655608798307259
0.0018967299366183092,-0.6673186891601739
0.0018973855152076037,-0.6534426680247932
0.0018980410937968983,-0.6527971601295839
0.001898696672386193,-0.6621471734091263
0.0018993522509754878,-0.6894318587010689
0.0019000078295647823,-0.7206399515589774
0.0019006634081540769,-0.7379158205676325
0.0019013189867433716,-0.7971634655488374
0.0019019745653326664,-0.8341461374536709
0.001902630143921961,-0.8699546452289366
0.0019032857225112555,-0.9024553002545214
0.00190394130110055,-0.9126389832022858
0.0019045968796898448,-0.9028420497005442
0.0019052524582791395,-0.9354506628488687
0.001905908036868434,-0.9675412450153101
0.0019065636154577286,-0.9800236444476933
0.0019072191940470234,-0.9785038016285228
0.0019078747726363181,-0.9814833242588309
0.0019085303512256127,-1.0043434540083895
0.0019091859298149072,-1.0010486008336321
0.001909841508404202,-1.0135035184314145
0.0019104970869934968,-1.0415586684694809
0.0019111526655827913,-1.0763041281121966
0.0019118082441720858,-1.114124830221864
0.0019124638227613806,-1.1602163016403082
0.0019131194013506754,-1.191820651308645
0.00191377497993997,-1.225428645857446
0.0019144305585292645,-1.2575373466620448
0.0019150861371185592,-1.2774390565857616
0.001915741715707854,-1.2904696516148908
0.0019163972942971485,-1.3276413396523046
0.001917052872886443,-1.3534948877519708
0.0019177084514757376,-1.39971694398468
0.0019183640300650324,-1.4471696969127426
0.0019190196086543271,-1.4847460031564368
0.0019196751872436217,-1.5112843655940524
0.0019203307658329162,-1.5642897494884418
0.001920986344422211,-1.5969837388292476
0.0019216419230115057,-1.6291605148691943
0.0019222975016008003,-1.6513308934173951
0.0019229530801900948,-1.6808593508843936
0.0019236086587793896,-1.7131977711100714
0.0019242642373686844,-1.7300693025443077
0.001924919815957979,-1.7654891788918763
0.0019255753945472734,-1.8184093097682654
0.0019262309731365682,-1.866558976601987
0.001926886551725863,-1.9028513689583235
0.0019275421303151575,-1.9384712753714803
0.001928197708904452,-1.9948584868138233
0.0019288532874937468,-2.0124410735592644
0.0019295088660830416,-2.025826496753473
0.0019301644446723361,-2.056044770349349
0.0019308200232616307,-2.0745588767559293
0.0019314756018509252,-2.067738455980918
0.00193213118044022,-2.083014250457248
0.0019327867590295147,-2.1015481588947775
0.0019334423376188093,-2.1153611535893933
0.0019340979162081038,-2.121648691162933
0.0019347534947973986,-2.131441419823887
0.0019354090733866933,-2.1726814003650166
0.0019360646519759879,-2.2195271793573204
0.0019367202305652824,-2.247542027680702
0.0019373758091545772,-2.289021638216764
0.001938031387743872,-2.3002994916014865
0.0019386869663331665,-2.3063491471365323
0.001939342544922461,-2.306110966525283
0.0019399981235117558,-2.3255678409222935
0.0019406537021010506,-2.336743850067751
0.001941309280690345,-2.3546677072701843
0.0019419648592796396,-2.360879603412312
0.0019426204378689344,-2.3598013920664536
0.001943276016458229,-2.3828692838037377
0.0019439315950475237,-2.4141511507039324
0.0019445871736368183,-2.403995043612418
0.0019452427522261128,-2.400685401908335
0.0019458983308154076,-2.401144011184007
0.0019465539094047023,-2.3952810752839273
0.0019472094879939969,-2.4022697625156133
0.0019478650665832914,-2.3975370163009675
0.0019485206451725862,-2.3857035591674034
0.001949176223761881,-2.3782274133740544
0.0019498318023511755,-2.3605176041568314
0.00195048738094047,-2.368374899351565
0.0019511429595297648,-2.3834188444409934
0.0019517985381190595,-2.3724671104211272
0.001952454116708354,-2.356974185346454
0.0019531096952976486,-2.3391296148351843
0.001953765273886943,-2.3192993379655364
0.001954420852476238,-2.3278037788781494
0.0019550764310655327,-2.3157398699639
0.0019557320096548272,-2.308046183758381
0.0019563875882441222,-2.2977475094008035
0.0019570431668334163,-2.2879999715672743
0.0019576987454227113,-2.273071470577068
0.001958354324012006,-2.258558609591087
0.0019590099026013004,-2.2304084403854527
0.0019596654811905954,-2.2014852958091184
0.00196032105977989,-2.1814217076766704
0.0019609766383691845,-2.178180859887364
0.001961632216958479,-2.1914942312450125
0.0019622877955477736,-2.2019621225905563
0.0019629433741370685,-2.1821648902745197
0.001963598952726363,-2.1791174072671518
0.0019642545313156576,-2.1554729665621024
0.0019649101099049526,-2.1178828975299857
0.001965565688494247,-2.092347510514218
0.0019662212670835417,-2.0874643649625924
0.0019668768456728362,-2.060797401738503
0.0019675324242621308,-2.037870886050804
0.0019681880028514257,-2.018384035816247
0.0019688435814407203,-1.9893969990237472
0.001969499160030015,-1.9510932820697815
0.0019701547386193094,-1.9216967435915662
0.001970810317208604,-1.9105290440577725
0.001971465895797899,-1.8856975614743223
0.0019721214743871934,-1.8488186824812967
0.001972777052976488,-1.8181798347956761
0.001973432631565783,-1.7987263125518171
0.0019740882101550775,-1.788791608773784
0.001974743788744372,-1.770660697565108
0.0019753993673336666,-1.7709950883134888
0.001976054945922961,-1.777251340644296
0.001976710524512256,-1.7625717242375418
0.0019773661031015507,-1.7406324681025793
0.001978021681690845,-1.721401318760204
0.00197867726028014,-1.6885660907339834
0.0019793328388694347,-1.6556376864333417
0.0019799884174587293,-1.6469546890619822
0.001980643996048024,-1.645393164238126
0.0019812995746373184,-1.6527838470714962
0.0019819551532266133,-1.6482305781298745
0.001982610731815908,-1.6294883767444988
0.0019832663104052024,-1.6425287466503138
0.001983921888994497,-1.6223551048717326
0.0019845774675837915,-1.6066697350962753
0.0019852330461730865,-1.6231538532866476
0.001985888624762381,-1.6453082387700513
0.0019865442033516756,-1.6400484517507605
0.0019871997819409706,-1.6343107403953638
0.001987855360530265,-1.6154560232575745
0.0019885109391195597,-1.6283353702189787
0.001989166517708854,-1.632394112685257
0.0019898220962981487,-1.6298418297792203
0.0019904776748874437,-1.6375750241697755
0.0019911332534767383,-1.6399829577487626
0.001991788832066033,-1.6274801787724626
0.001992444410655328,-1.6287752078493587
0.0019930999892446223,-1.630285425710517
0.001993755567833917,-1.6166528139652934
0.0019944111464232114,-1.6069333403064712
0.001995066725012506,-1.6171493918888338
0.001995722303601801,-1.633729773571183
0.0019963778821910955,-1.6406107940959755
0.00199703346078039,-1.6414645156331638
0.0019976890393696846,-1.6442470469007278
0.001998344617958979,-1.65055875057928
0.001999000196548274,-1.642910806864407
0.0019996557751375686,-1.6526058937567818
0.002000311353726863,-1.6772275278233102
0.002000966932316158,-1.6907089814517442
0.0020016225109054527,-1.6878031008523338
0.0020022780894947472,-1.6624676909416538
0.002002933668084042,-1.668133169827738
0.0020035892466733363,-1.654251200740642
0.0020042448252626313,-1.6626265918488117
0.002004900403851926,-1.6706729229915016
0.0020055559824412204,-1.6696336787040824
0.0020062115610305154,-1.659222787749402
0.00200686713961981,-1.6578272458558598
0.0020075227182091045,-1.6507050605095939
0.002008178296798399,-1.6555469801041471
0.0020088338753876936,-1.6586512038908845
0.0020094894539769885,-1.6467272913747895
0.002010145032566283,-1.6375596368489975
0.0020108006111555776,-1.6495832888573296
0.002011456189744872,-1.6268876019519705
0.0020121117683341667,-1.6152167385665956
0.0020127673469234617,-1.6080116379049378
0.0020134229255127562,-1.6121107091563243
0.0020140785041020508,-1.6241670027687287
0.0020147340826913458,-1.630251994765365
0.0020153896612806403,-1.6303139256626198
0.002016045239869935,-1.639437863689665
0.0020167008184592294,-1.643447222672536
0.002017356397048524,-1.639162247341331
0.002018011975637819,-1.6396257306384379
0.0020186675542271135,-1.651589431079674
0.002019323132816408,-1.6686379830822813
0.002019978711405703,-1.6816359623333346
0.0020206342899949975,-1.6759083678259161
0.002021289868584292,-1.6832262774998434
0.0020219454471735866,-1.6926050381545923
0.002022601025762881,-1.6984506302636317
0.002023256604352176,-1.709230152438895
0.0020239121829414707,-1.7313744686246804
0.0020245677615307652,-1.736638339905335
0.0020252233401200598,-1.7499611749335418
0.0020258789187093543,-1.7682095868407648
0.0020265344972986493,-1.7846863649510125
0.002027190075887944,-1.792023294590918
0.0020278456544772384,-1.7913744855367113
0.0020285012330665333,-1.7820105986238124
0.002029156811655828,-1.7756289354535855
0.0020298123902451224,-1.7577420558846544
0.002030467968834417,-1.7495094866153906
0.0020311235474237115,-1.7566740637232723
0.0020317791260130065,-1.7734874230124262
0.002032434704602301,-1.7661627648929175
0.0020330902831915956,-1.764328673360813
0.0020337458617808906,-1.7552360364251265
0.002034401440370185,-1.7693682301867084
0.0020350570189594797,-1.7679387928296075
0.002035712597548774,-1.762203059231472
0.0020363681761380687,-1.767024209055117
0.0020370237547273637,-1.7668474103926068
0.0020376793333166583,-1.7601053215624598
0.002038334911905953,-1.7563441464298841
0.0020389904904952474,-1.7598887805117693
0.002039646069084542,-1.778567414055982
0.002040301647673837,-1.7764862186476442
0.0020409572262631314,-1.7785480347455842
0.002041612804852426,-1.792012467543268
0.002042268383441721,-1.7869463375543673
0.0020429239620310155,-1.7836340407064202
0.00204357954062031,-1.780555997112312
0.0020442351192096046,-1.7836972969941638
0.002044890697798899,-1.7927993339948398
0.002045546276388194,-1.8180904605926473
0.0020462018549774886,-1.8415428998856802
0.002046857433566783,-1.8581324720387808
0.002047513012156078,-1.8490547885760769
0.0020481685907453727,-1.8407347549745956
0.0020488241693346673,-1.847458453567011
0.002049479747923962,-1.824758765968216
0.0020501353265132563,-1.8312615896646436
0.0020507909051025513,-1.8682341568305716
0.002051446483691846,-1.899443797696891
0.0020521020622811404,-1.9188529627325994
0.002052757640870435,-1.9343100264011113
0.0020534132194597295,-1.9545685014979117
0.0020540687980490245,-1.9910011079289165
0.002054724376638319,-2.020570127477174
0.0020553799552276136,-2.050409145719393
0.0020560355338169085,-2.082525660063843
0.002056691112406203,-2.1116368218629824
0.0020573466909954976,-2.1429356278175797
0.002058002269584792,-2.184684845498213
0.0020586578481740867,-2.207033712958833
0.0020593134267633817,-2.227815742825289
0.0020599690053526762,-2.2725430768078247
0.0020606245839419708,-2.2754062027368613
0.0020612801625312658,-2.267973173781008
0.00206193574112056,-2.2719064080047113
0.002062591319709855,-2.283461639480141
0.0020632468982991494,-2.2936154947636087
0.002063902476888444,-2.299072703247612
0.002064558055477739,-2.2995314186540057
0.0020652136340670335,-2.3242243569081134
0.002065869212656328,-2.333852355575563
0.002066524791245623,-2.349450990418135
0.002067180369834917,-2.3795260543146304
0.002067835948424212,-2.3970441030788234
0.0020684915270135066,-2.4416504646586694
0.002069147105602801,-2.4334530624257007
0.002069802684192096,-2.4434327768693787
0.0020704582627813907,-2.4443524686667946
0.0020711138413706852,-2.4419927007292963
0.0020717694199599798,-2.438803661958682
0.0020724249985492743,-2.4424583718780037
0.0020730805771385693,-2.4489041447540436
0.002073736155727864,-2.449584861248141
0.0020743917343171584,-2.4550641626305394
0.0020750473129064534,-2.455305884129686
0.0020757028914957475,-2.4476856886687317
0.0020763584700850424,-2.4367929544828146
0.002077014048674337,-2.4229600471964234
0.0020776696272636315,-2.447399481969674
0.0020783252058529265,-2.482162144962922
0.002078980784442221,-2.5052980447786415
0.0020796363630315156,-2.498223009430428
0.0020802919416208106,-2.49551773008751
0.0020809475202101047,-2.501406817331211
0.0020816030987993997,-2.5092584240907216
0.002082258677388694,-2.5217008705109083
0.0020829142559779888,-2.5123258649467517
0.0020835698345672837,-2.5085425768257075
0.002084225413156578,-2.525510451090053
0.002084880991745873,-2.5110030415255484
0.0020855365703351674,-2.480885000748993
0.002086192148924462,-2.471555872257281
0.002086847727513757,-2.4784980947083977
0.0020875033061030514,-2.470704344415614
0.002088158884692346,-2.458476703945766
0.002088814463281641,-2.4531021606388976
0.002089470041870935,-2.4338854039870617
0.00209012562046023,-2.399821042931626
0.0020907811990495246,-2.38490362779126
0.002091436777638819,-2.3712160825746804
0.002092092356228114,-2.3403233342425356
0.0020927479348174086,-2.3081038807426775
0.002093403513406703,-2.2873382690693136
0.002094059091995998,-2.268376694839512
0.0020947146705852923,-2.23623129609043
0.0020953702491745873,-2.2111744628369836
0.002096025827763882,-2.2040123839219605
0.0020966814063531763,-2.191754079484309
0.0020973369849424713,-2.171685616816434
0.0020979925635317654,-2.142507267391051
0.0020986481421210604,-2.122959931754145
0.002099303720710355,-2.110880105711559
0.0020999592992996495,-2.106722737126314
0.0021006148778889445,-2.0742614718205674
0.002101270456478239,-2.046175923240536
0.0021019260350675336,-2.018705834372933
0.0021025816136568285,-1.9810752832685237
0.0021032371922461227,-1.9557455257934235
0.0021038927708354176,-1.9442143348076213
0.002104548349424712,-1.918572208267906
0.0021052039280140067,-1.9068019940636567
0.0021058595066033017,-1.8736873152187028
0.0021065150851925962,-1.8680014157208324
0.002107170663781891,-1.8416520908439535
0.0021078262423711858,-1.8079975139155995
0.00210848182096048,-1.7831145572295635
0.002109137399549775,-1.774915872237463
0.0021097929781390694,-1.78399591503617
0.002110448556728364,-1.77278910374361
0.002111104135317659,-1.7584534747454277
0.002111759713906953,-1.74509523976478
0.002112415292496248,-1.7194666505616603
0.0021130708710855426,-1.6938434556587305
0.002113726449674837,-1.6906036525003372
0.002114382028264132,-1.7042309681869563
0.0021150376068534266,-1.7046669638714154
0.002115693185442721,-1.7334896079830573
0.002116348764032016,-1.7720091440683843
0.0021170043426213103,-1.761652793364185
0.0021176599212106052,-1.7411834347030235
0.0021183154997998998,-1.7232857086053632
0.0021189710783891943,-1.7091661869745356
0.0021196266569784893,-1.7015185514360571
0.002120282235567784,-1.6967475891898742
0.0021209378141570784,-1.703687439811429
0.0021215933927463734,-1.722676939716233
0.0021222489713356675,-1.737281099514689
0.0021229045499249624,-1.7229605342236367
0.002123560128514257,-1.7051516251230001
0.0021242157071035515,-1.6914952859929573
0.0021248712856928465,-1.6945754684390892
0.0021255268642821406,-1.7034795112430676
0.0021261824428714356,-1.687519921783995
0.00212683802146073,-1.6932601358860357
0.0021274936000500247,-1.7026851105046443
0.0021281491786393197,-1.7136720241883516
0.002128804757228614,-1.6972554282073766
0.0021294603358179088,-1.6899863944758848
0.0021301159144072037,-1.6806971207095234
0.002130771492996498,-1.6700102660582359
0.002131427071585793,-1.660974549406308
0.0021320826501750874,-1.6696628645288185
0.002132738228764382,-1.6726419813452105
0.002133393807353677,-1.6481785760937635
0.0021340493859429714,-1.6398509417027725
0.002134704964532266,-1.606806994469358
0.002135360543121561,-1.5987500526645007
0.002136016121710855,-1.5662228887594836
0.00213667170030015,-1.5399476620834511
0.0021373272788894446,-1.5148324032131077
0.002137982857478739,-1.4963840402405466
0.002138638436068034,-1.4909481474309987
0.0021392940146573282,-1.4731963798029912
0.002139949593246623,-1.4726098086573245
0.0021406051718359177,-1.4520203712409818
0.0021412607504252123,-1.4324161683189085
0.0021419163290145073,-1.4284709137365692
0.002142571907603802,-1.4353991885228232
0.0021432274861930964,-1.4372193002953308
0.0021438830647823913,-1.4093725994843864
0.0021445386433716854,-1.3689144203510009
0.0021451942219609804,-1.3368536010705594
0.002145849800550275,-1.3174314536663543
0.0021465053791395695,-1.3028525678621006
0.0021471609577288645,-1.2898132563511753
0.002147816536318159,-1.2665874407021431
0.0021484721149074536,-1.23662575292332
0.0021491276934967486,-1.212779830627886
0.0021497832720860427,-1.1902748403212335
0.0021504388506753376,-1.131917233040408
0.002151094429264632,-1.0895098778706145
0.0021517500078539267,-1.0899878958371614
0.0021524055864432217,-1.0739526241987638
0.002153061165032516,-1.0549189734912328
0.002153716743621811,-1.042160729705306
0.0021543723222111053,-1.0256570540086543
0.0021550279008004,-0.9936358488839924
0.002155683479389695,-0.9662936062385102
0.0021563390579789894,-0.9794000976801308
0.002156994636568284,-0.9692657640027812
0.002157650215157579,-0.9496794306076972
0.002158305793746873,-0.9382642315632264
0.002158961372336168,-0.9190673811524227
0.0021596169509254626,-0.8944385361639845
0.002160272529514757,-0.8681718463793204
0.002160928108104052,-0.8479243540793205
0.0021615836866933466,-0.833432307287633
0.002162239265282641,-0.8200231722767088
0.002162894843871936,-0.8093609606545686
0.0021635504224612303,-0.798450575966566
0.0021642060010505252,-0.7808855351443255
0.0021648615796398198,-0.7508193523134437
0.0021655171582291143,-0.7303755176628532
0.0021661727368184093,-0.6960231134331738
0.0021668283154077034,-0.661054191784039
0.0021674838939969984,-0.6600750540716774
0.002168139472586293,-0.7315243364899315
0.0021687950511755875,-0.7073772949765046
0.0021694506297648825,-0.6837019858493385
0.002170106208354177,-0.6488050587017247
0.0021707617869434715,-0.6495229034703657
0.0021714173655327665,-0.6309740461024363
0.0021720729441220606,-0.6158288390381171
0.0021727285227113556,-0.5866865529023498
0.00217338410130065,-0.5605659498224279
0.0021740396798899447,-0.5441508282140464
0.0021746952584792397,-0.5191772722629691
0.0021753508370685342,-0.495525424842045
0.0021760064156578288,-0.45749416999862136
0.0021766619942471237,-0.4252463430766571
0.002177317572836418,-0.4033660326455519
0.002177973151425713,-0.38298560764786227
0.0021786287300150074,-0.36298197197426724
0.002179284308604302,-0.3484641562019085
0.002179939887193597,-0.3307578162178996
0.002180595465782891,-0.3143316849874153
0.002181251044372186,-0.3129583254744718
0.0021819066229614805,-0.29246990947510015
0.002182562201550775,-0.2719202191741456
0.00218321778014007,-0.2624260892533664
0.0021838733587293646,-0.2470905184571986
0.002184528937318659,-0.2256600454476916
0.002185184515907954,-0.21145165591530982
0.0021858400944972482,-0.2085398906704092
0.002186495673086543,-0.1974354483707865
0.0021871512516758377,-0.16903112797303088
0.0021878068302651323,-0.1215030715818011
0.0021884624088544273,-0.08148851906824875
0.002189117987443722,-0.08570708330704775
0.0021897735660330164,-0.0920172713022564
0.0021904291446223113,-0.07836768902630084
0.0021910847232116054,-0.0541636629267214
0.0021917403018009004,-0.036350561147696005
0.002192395880390195,-0.02680212405883371
0.0021930514589794895,-0.005531242849843652
0.0021937070375687845,0.010931137595295093
0.0021943626161580786,0.02986054203256818
0.0021950181947473736,0.022388980328081717
0.002195673773336668,0.03418924184441637
0.0021963293519259627,0.04588094199808121
0.0021969849305152576,0.04912948526221062
0.002197640509104552,0.07272230310931735
0.0021982960876938467,0.12103679331469325
0.0021989516662831417,0.17236883928347166
0.002199607244872436,0.19488073751813625
0.002200262823461731,0.2328255654800441
0.0022009184020510253,0.2525297856183716
0.00220157398064032,0.278214330264173
0.002202229559229615,0.2841586725153978
0.0022028851378189094,0.2795641986527556
0.002203540716408204,0.2904335818214191
0.002204196294997499,0.29606846094261113
0.002204851873586793,0.29978876523228953
0.002205507452176088,0.3003761580584428
0.0022061630307653826,0.3258414405510478
0.002206818609354677,0.3452989653368338
0.002207474187943972,0.3477466072330624
0.002208129766533266,0.36358715636365896
0.002208785345122561,0.3806293763720505
0.0022094409237118557,0.3955077049751342
0.0022100965023011503,0.40878836830805776
0.0022107520808904452,0.4212239239932159
0.00221140765947974,0.4338215992964511
0.0022120632380690343,0.4430169345620989
0.0022127188166583293,0.46658678140810295
0.0022133743952476234,0.49641082486927934
0.0022140299738369184,0.5184124110787698
0.002214685552426213,0.5223059083454955
0.0022153411310155075,0.5372483282313223
0.0022159967096048025,0.5533568324990601
0.002216652288194097,0.5490726447639591
0.0022173078667833915,0.5384247519809957
0.0022179634453726865,0.5584763440258312
0.0022186190239619806,0.5695330856720007
0.0022192746025512756,0.5743351783581928
0.00221993018114057,0.5735801371112897
0.0022205857597298647,0.5768681709462404
0.0022212413383191597,0.5945465188251835
0.002221896916908454,0.6081349155293672
0.0022225524954977488,0.6285608275302482
0.0022232080740870433,0.6526765038340997
0.002223863652676338,0.6401403398323022
0.002224519231265633,0.6299055124295222
0.0022251748098549274,0.6300615059367483
0.002225830388444222,0.6379489778401813
0.002226485967033517,0.6481047444338189
0.002227141545622811,0.6485013226401537
0.002227797124212106,0.6446281498367926
0.0022284527028014005,0.6640468815423249
0.002229108281390695,0.6688150177239747
0.00222976385997999,0.6742215385224942
0.0022304194385692846,0.6746634352204395
0.002231075017158579,0.6653403617701389
0.002231730595747874,0.6466239658701076
0.0022323861743371682,0.6331460121459475
0.002233041752926463,0.6268165059866325
0.0022336973315157578,0.6423881871123054
0.0022343529101050523,0.7146275824231051
0.0022350084886943473,0.6842687149210348
0.0022356640672836414,0.670320740024428
0.0022363196458729364,0.6570790872591654
0.002236975224462231,0.6804270263261573
0.0022376308030515255,0.6935598971475287
0.0022382863816408204,0.7072248510287273
0.002238941960230115,0.7039189159991107
0.0022395975388194095,0.6845745359572771
0.0022402531174087045,0.6768138481424182
0.0022409086959979986,0.6718654407485152
0.0022415642745872936,0.6816665344691426
0.002242219853176588,0.683773381607804
0.0022428754317658827,0.6642130578023967
0.0022435310103551777,0.6539335592809402
0.002244186588944472,0.6665328151314062
0.0022448421675337667,0.684982434900874
0.0022454977461230613,0.6995844101983156
0.002246153324712356,0.714861270630648
0.002246808903301651,0.7297446853257107
0.0022474644818909453,0.7316638707079645
0.00224812006048024,0.7206457303721933
0.002248775639069535,0.7363639825847879
0.002249431217658829,0.746019715802676
0.002250086796248124,0.747080496721743
0.0022507423748374185,0.7381909610592519
0.002251397953426713,0.7489789445416447
0.002252053532016008,0.773860449078207
0.0022527091106053026,0.786742162387781
0.002253364689194597,0.773300553526148
0.002254020267783892,0.7479806118253183
0.002254675846373186,0.7259668060274989
0.002255331424962481,0.7204255624633117
0.0022559870035517757,0.7035390131636271
0.0022566425821410703,0.6801106187710572
0.0022572981607303652,0.6564226988162698
0.00225795373931966,0.6293056699968799
0.0022586093179089543,0.6085804287205101
0.002259264896498249,0.6084180514411536
0.0022599204750875434,0.6145423544912266
0.0022605760536768384,0.6181380682901618
0.002261231632266133,0.6210124497564843
0.0022618872108554275,0.6152572608025976
0.0022625427894447225,0.6248340579730622
0.0022631983680340166,0.6226872583541216
0.0022638539466233116,0.6120824351186511
0.002264509525212606,0.5800173485538259
0.0022651651038019006,0.5505993056354902
0.0022658206823911956,0.5466693529848453
0.00226647626098049,0.5474440471954499
0.0022671318395697847,0.5590261942246164
0.0022677874181590797,0.5492662188430332
0.002268442996748374,0.5629220375612292
0.0022690985753376688,0.5852222097614596
0.0022697541539269633,0.5648479642406695
0.002270409732516258,0.5645473597595437
0.002271065311105553,0.5753726593258598
0.0022717208896948474,0.5775348812237928
0.002272376468284142,0.5809200703457051
0.0022730320468734365,0.5772917358806116
0.002273687625462731,0.5873330369343729
0.002274343204052026,0.5836504917368623
0.0022749987826413205,0.5906004374300504
0.002275654361230615,0.6179917886836155
0.00227630993981991,0.6321215942816963
0.002276965518409204,0.6440587680616884
0.002277621096998499,0.6338414878798616
0.0022782766755877937,0.6356389210592485
0.0022789322541770882,0.633233946749524
0.002279587832766383,0.6246858036654266
0.0022802434113556778,0.6418977390006313
0.0022808989899449723,0.6668695870772776
0.0022815545685342673,0.6907157296859575
0.0022822101471235614,0.6964790036896453
0.0022828657257128564,0.7022093269650944
0.002283521304302151,0.7117020376650831
0.0022841768828914455,0.7242418128485233
0.0022848324614807404,0.7396380962362242
0.002285488040070035,0.7502911534441679
0.0022861436186593295,0.7547111850876947
0.002286799197248624,0.729232234401012
0.0022874547758379186,0.7339085509819198
0.0022881103544272136,0.739289908511523
0.002288765933016508,0.7459112026069777
0.0022894215116058027,0.7541615292497893
0.0022900770901950977,0.7997807576807958
0.0022907326687843918,0.8433457925833021
0.0022913882473736867,0.8754083545252079
0.0022920438259629813,0.8954747576729176
0.002292699404552276,0.9186110857882708
0.002293354983141571,0.9463872086660683
0.0022940105617308654,0.9677498536132806
0.00229466614032016,0.9798602128316134
0.002295321718909455,0.9949739996049086
0.002295977297498749,1.0168600311046099
0.002296632876088044,1.0541015711501054
0.0022972884546773385,1.0947979478757632
0.002297944033266633,1.124933131389373
0.002298599611855928,1.1495254152906762
0.002299255190445222,1.1626618951888754
0.002299910769034517,1.1784172502304702
0.0023005663476238117,1.2092640700577555
0.002301221926213106,1.2545235738492433
0.002301877504802401,1.3031946895790212
0.0023025330833916957,1.3468552209975984
0.0023031886619809903,1.362406303597022
0.0023038442405702853,1.3847636960456242
0.0023044998191595794,1.4005347116158702
0.0023051553977488743,1.4184462544389052
0.002305810976338169,1.4625211934137974
0.0023064665549274634,1.513296457492474
0.0023071221335167584,1.5355309603842966
0.002307777712106053,1.5773653646161214
0.0023084332906953475,1.6118638092329587
0.0023090888692846425,1.6537436866098936
0.0023097444478739366,1.6973389491166677
0.0023104000264632316,1.717919715294657
0.002311055605052526,1.7367129761501683
0.0023117111836418206,1.7720665689498687
0.0023123667622311156,1.7906315830060937
0.0023130223408204097,1.7919234298561304
0.0023136779194097047,1.810072928445341
0.0023143334979989993,1.8266062414215691
0.002314989076588294,1.838894483677451
0.0023156446551775888,1.8395217402661719
0.0023163002337668833,1.8358958058567625
0.002316955812356178,1.8430289023697926
0.002317611390945473,1.8096544877428087
0.002318266969534767,1.7962133074640203
0.002318922548124062,1.7476936058784693
0.0023195781267133565,1.7295086406459497
0.002320233705302651,1.7125123854436455
0.002320889283891946,1.7139219052689065
0.0023215448624812405,1.6869703587242078
0.002322200441070535,1.6758989814648548
0.00232285601965983,1.678824235403029
0.002323511598249124,1.6864042812252171
0.002324167176838419,1.7018591325734844
0.0023248227554277137,1.7169790407483476
0.0023254783340170082,1.7238983655115334
0.0023261339126063032,1.7207141217818207
0.0023267894911955973,1.7115208474936214
0.0023274450697848923,1.7316925501154676
0.002328100648374187,1.7361473987094576
0.0023287562269634814,1.721864986691319
0.0023294118055527764,1.7258465767978324
0.002330067384142071,1.7350685647644788
0.0023307229627313655,1.722589228884485
0.0023313785413206604,1.7190695870468837
0.0023320341199099546,1.7327392117082623
0.0023326896984992495,1.7391838728444258
0.002333345277088544,1.720250960527256
0.0023340008556778386,1.7013457736655009
0.0023346564342671336,1.683686452321065
0.002335312012856428,1.6627792566211388
0.0023359675914457227,1.661404965645265
0.0023366231700350177,1.6432810957786024
0.0023372787486243118,1.61925132615638
0.0023379343272136067,1.6143392370636442
0.0023385899058029013,1.6108121349375368
0.002339245484392196,1.5945196391248593
0.002339901062981491,1.579320054491163
0.002340556641570785,1.5505406143448017
0.00234121222016008,1.5281145869408985
0.0023418677987493744,1.5001509456841735
0.002342523377338669,1.4643903780591352
0.002343178955927964,1.4412344408316655
0.0023438345345172585,1.447476835767158
0.002344490113106553,1.4566515929685682
0.002345145691695848,1.4599450759140455
0.002345801270285142,1.4566360220865795
0.002346456848874437,1.4322756110764703
0.0023471124274637317,1.3945288024113038
0.002347768006053026,1.3574464463685862
0.002348423584642321,1.3475183165206548
0.0023490791632316157,1.3398327710181854
0.0023497347418209103,1.3235526138850573
0.0023503903204102053,1.2895208672059808
0.0023510458989994994,1.2662734983260753
0.0023517014775887943,1.2539309335141506
0.002352357056178089,1.2674333940908027
0.0023530126347673834,1.328886184371922
0.0023536682133566784,1.3523925981839662
0.0023543237919459725,1.3597915506966638
0.0023549793705352675,1.3804396977849462
0.002355634949124562,1.3832583646770535
0.0023562905277138566,1.3861889961925113
0.0023569461063031516,1.3892111112180852
0.002357601684892446,1.3923042281404394
0.0023582572634817407,1.3954478653484794
0.0023589128420710356,1.398621541229766
0.0023595684206603297,1.4018047741718598
0.0023602239992496247,1.4049770825632182
0.0023608795778389193,1.4081179847914016
0.002361535156428214,1.4112069992444192
0.002362190735017509,1.414223644310728
0.0023628463136068033,1.4171474383774405
0.002363501892196098,1.4199578998325662
0.002364157470785393,1.4226345470645616
0.002364813049374687,1.4251568984614358
0.002365468627963982,1.4275044724103014
0.0023661242065532765,1.429656787299616
0.002366779785142571,1.4315933615173877
0.002367435363731866,1.433293713451178
0.00236809094232116,1.4347373614889956
0.002368746520910455,1.4359038240192974
0.0023694020994997496,1.4367726194291963
0.002370057678089044,1.4373232661071493
0.002370713256678339,1.4375352824407173
0.0023713688352676337,1.4373881868183573
0.0023720244138569282,1.43686149762763
0.0023726799924462232,1.4359347332565444
0.0023733355710355173,1.4345874120926614
0.0023739911496248123,1.4327990525248862
0.002374646728214107,1.4305491729398832
0.0023753023068034014,1.4278172917265577
0.0023759578853926964,1.4245829272720223
0.002376613463981991,1.4208255979647344
0.0023772690425712855,1.4165248221927025
0.0023779246211605804,1.4116601183439357
0.0023785801997498746,1.4062110048055467
0.0023792357783391695,1.400156999966441
0.002379891356928464,1.3934776222137306
0.0023805469355177586,1.3861523899358732
0.0023812025141070536,1.3781608215204293
0.0023818580926963477,1.369482435355856
0.0023825136712856427,1.360096749829714
0.0023831692498749372,1.3499832833300127
0.0023838248284642318,1.3391215542443125
0.0023844804070535268,1.3274910809610705
0.0023851359856428213,1.3150713818678477
0.002385791564232116,1.3018419753526527
0.002386447142821411,1.2877823798034949
0.002387102721410705,1.2728721136083827
0.0023877583,1.2570906951553256
